es,chord_port,probe_port,z_chord_cm,z_probe_cm,window,L_probe_cm2,L_chord_cm2,ratio,te_used_ev,te_implied_ev,te_semiquant_fraction,te_sigma_sys_ev,pull,n_edge_left_over_axis,n_edge_right_over_axis,te_row_measured_fraction
1,20,21,757.6,789.55,15.000-19.500ms,3.83315e+14,3.7099e+14,1.03322,6.85808,7.3213,0.198039,1.91452,-0.241951,-0.0307081,0.118847,1
1,20,21,757.6,789.55,15.375ms,3.79747e+14,3.75613e+14,1.01101,6.86394,7.01586,0.196078,1.91599,-0.0792909,-0.0190254,0.104423,1
1,20,21,757.6,789.55,15.875ms,3.79678e+14,3.74386e+14,1.01414,6.90555,7.10217,0.196078,1.92639,-0.102066,-0.0452976,0.102896,1
1,20,21,757.6,789.55,16.375ms,3.81101e+14,3.73286e+14,1.02093,6.86734,7.15787,0.196078,1.91683,-0.151571,0.00923569,0.091795,1
1,20,21,757.6,789.55,16.875ms,3.85003e+14,3.72183e+14,1.03444,6.81683,7.29452,0.215686,1.90421,-0.250858,-0.0678365,0.102629,1
1,20,21,757.6,789.55,17.375ms,3.83048e+14,3.70953e+14,1.0326,6.85947,7.31406,0.196078,1.91487,-0.237402,-0.0112963,0.104428,1
1,20,21,757.6,789.55,17.875ms,3.85121e+14,3.69838e+14,1.04132,6.81684,7.39188,0.196078,1.90421,-0.301979,-0.0522926,0.197803,1
1,20,21,757.6,789.55,18.375ms,3.8666e+14,3.68707e+14,1.04869,6.82255,7.50314,0.196078,1.90564,-0.357149,-0.0175585,0.0681369,1
1,20,21,757.6,789.55,18.875ms,3.85551e+14,3.67519e+14,1.04906,6.86138,7.55118,0.196078,1.91534,-0.360147,-0.0336696,0.194332,1
1,20,21,757.6,789.55,19.375ms,3.83923e+14,3.66428e+14,1.04775,6.90993,7.58552,0.196078,1.92748,-0.350507,-0.0388332,0.103229,1
1,29,29,1045.15,1045.15,15.000-19.500ms,4.03236e+14,3.88341e+14,1.03835,5.65567,6.09783,0.196078,1.61392,-0.27397,-0.0292452,0.441899,1
1,29,29,1045.15,1045.15,15.375ms,4.01817e+14,3.95529e+14,1.0159,5.55273,5.7307,0.196078,1.58818,-0.112059,-0.00932551,0.418827,1
1,29,29,1045.15,1045.15,15.875ms,4.00195e+14,3.93714e+14,1.01646,5.64302,5.83036,0.196078,1.61076,-0.116301,-0.0357372,0.45197,1
1,29,29,1045.15,1045.15,16.375ms,4.01517e+14,3.92034e+14,1.02419,5.65334,5.93014,0.196078,1.61334,-0.171567,-0.0717732,0.460322,1
1,29,29,1045.15,1045.15,16.875ms,4.03289e+14,3.90282e+14,1.03333,5.647,6.02968,0.196078,1.61175,-0.237433,-0.0403759,0.426609,1
1,29,29,1045.15,1045.15,17.375ms,4.02628e+14,3.88454e+14,1.03649,5.68072,6.10283,0.196078,1.62018,-0.260534,-0.0244772,0.431131,1
1,29,29,1045.15,1045.15,17.875ms,4.03872e+14,3.86702e+14,1.0444,5.66054,6.17437,0.196078,1.61513,-0.318137,-0.0118636,0.471522,1
1,29,29,1045.15,1045.15,18.375ms,4.04631e+14,3.8476e+14,1.05164,5.6613,6.26115,0.196078,1.61533,-0.371344,-0.0276967,0.412012,1
1,29,29,1045.15,1045.15,18.875ms,4.05669e+14,3.8277e+14,1.05982,5.6955,6.39733,0.196078,1.62387,-0.432199,0.00310615,0.457439,1
1,29,29,1045.15,1045.15,19.375ms,4.05505e+14,3.80825e+14,1.06481,5.70586,6.46936,0.196078,1.62646,-0.469423,-0.0456094,0.446987,1
1,40,41,1396.6,1428.55,15.000-19.500ms,3.98954e+14,3.88512e+14,1.02688,4.37618,4.6146,0.254902,1.29405,-0.184241,0.117899,0.125993,1
1,40,41,1396.6,1428.55,15.375ms,4.00886e+14,3.98827e+14,1.00516,4.18965,4.23301,0.254902,1.24741,-0.0347594,0.109579,0.152433,1
1,40,41,1396.6,1428.55,15.875ms,4.01065e+14,3.96277e+14,1.01208,4.23829,4.34132,0.254902,1.25957,-0.0817983,0.0753721,0.18122,1
1,40,41,1396.6,1428.55,16.375ms,3.9908e+14,3.93822e+14,1.01335,4.30268,4.41833,0.254902,1.27567,-0.0906642,0.0676319,0.0878953,1
1,40,41,1396.6,1428.55,16.875ms,3.9867e+14,3.91235e+14,1.019,4.34715,4.51394,0.254902,1.28679,-0.129617,0.0874481,0.0824095,1
1,40,41,1396.6,1428.55,17.375ms,4.00197e+14,3.88562e+14,1.02994,4.36177,4.62689,0.254902,1.29044,-0.205452,0.127532,0.119722,1
1,40,41,1396.6,1428.55,17.875ms,3.98626e+14,3.86023e+14,1.03265,4.4163,4.70938,0.254902,1.30407,-0.224743,0.160598,0.0599307,1
1,40,41,1396.6,1428.55,18.375ms,3.98963e+14,3.83378e+14,1.04065,4.45402,4.82349,0.254902,1.3135,-0.281289,0.140841,0.196121,1
1,40,41,1396.6,1428.55,18.875ms,3.96221e+14,3.80561e+14,1.04115,4.5332,4.91396,0.254902,1.3333,-0.285578,0.137992,0.149012,1
1,40,41,1396.6,1428.55,19.375ms,3.96882e+14,3.77919e+14,1.05018,4.54626,5.01395,0.254902,1.33656,-0.349925,0.153155,0.105333,1
2,20,21,757.6,789.55,15.000-19.500ms,4.14269e+14,3.59395e+14,1.15269,6.15319,8.17566,0.215686,1.7383,-1.16348,-0.0548713,-0.0258636,1
2,20,21,757.6,789.55,15.375ms,4.1698e+14,3.65889e+14,1.13963,6.15458,7.99336,0.215686,1.73864,-1.0576,-0.0278103,-0.0878816,1
2,20,21,757.6,789.55,15.875ms,4.14663e+14,3.64232e+14,1.13846,6.22037,8.06216,0.215686,1.75509,-1.0494,-0.0204357,0.0392245,1
2,20,21,757.6,789.55,16.375ms,4.14807e+14,3.6268e+14,1.14373,6.16318,8.06215,0.215686,1.7408,-1.09086,-0.096754,-0.0669061,1
2,20,21,757.6,789.55,16.875ms,4.14359e+14,3.60887e+14,1.14817,6.16756,8.13063,0.215686,1.74189,-1.12697,-0.0244228,-0.0159314,1
2,20,21,757.6,789.55,17.375ms,4.1443e+14,3.59242e+14,1.15362,6.15193,8.18728,0.215686,1.73798,-1.1711,-0.0690824,0.00586054,1
2,20,21,757.6,789.55,17.875ms,4.14826e+14,3.57667e+14,1.15981,6.1132,8.22323,0.215686,1.7283,-1.22087,-0.110602,0.0456037,1
2,20,21,757.6,789.55,18.375ms,4.12471e+14,3.56149e+14,1.15814,6.14042,8.23611,0.215686,1.73511,-1.20782,0.00944575,-0.0970918,1
2,20,21,757.6,789.55,18.875ms,4.12572e+14,3.54634e+14,1.16337,6.15783,8.33425,0.215686,1.73946,-1.2512,-0.0294615,-0.0646327,1
2,20,21,757.6,789.55,19.375ms,4.13316e+14,3.53172e+14,1.1703,6.10948,8.36753,0.215686,1.72737,-1.30721,-0.125171,0.00935477,1
2,29,29,1045.15,1045.15,15.000-19.500ms,4.62717e+14,3.95004e+14,1.17142,4.65791,6.39173,0.254902,1.36448,-1.27069,0.0777286,0.234387,1
2,29,29,1045.15,1045.15,15.375ms,4.66182e+14,4.02273e+14,1.15887,4.63994,6.23135,0.254902,1.35999,-1.17016,0.129368,0.236607,1
2,29,29,1045.15,1045.15,15.875ms,4.65614e+14,4.00436e+14,1.16277,4.64366,6.27837,0.254902,1.36091,-1.20119,0.136565,0.162824,1
2,29,29,1045.15,1045.15,16.375ms,4.63499e+14,3.98613e+14,1.16278,4.65857,6.29865,0.254902,1.36464,-1.20183,0.0746863,0.302204,1
2,29,29,1045.15,1045.15,16.875ms,4.63573e+14,3.96675e+14,1.16865,4.65913,6.36314,0.254902,1.36478,-1.24856,0.120918,0.307388,1
2,29,29,1045.15,1045.15,17.375ms,4.65293e+14,3.94809e+14,1.17853,4.60643,6.39797,0.254902,1.35161,-1.32549,0.0437311,0.221036,1
2,29,29,1045.15,1045.15,17.875ms,4.63603e+14,3.93126e+14,1.17927,4.64126,6.45453,0.254902,1.36032,-1.33298,0.0338515,0.219787,1
2,29,29,1045.15,1045.15,18.375ms,4.59942e+14,3.91398e+14,1.17513,4.68582,6.47075,0.254902,1.37145,-1.30149,0.088262,0.225294,1
2,29,29,1045.15,1045.15,18.875ms,4.58927e+14,3.89724e+14,1.17757,4.6904,6.50404,0.254902,1.3726,-1.32132,0.105065,0.241373,1
2,29,29,1045.15,1045.15,19.375ms,4.57818e+14,3.87982e+14,1.18,4.69736,6.54058,0.254902,1.37434,-1.34117,-0.0341511,0.192097,1
2,40,41,1396.6,1428.55,15.000-19.500ms,4.73284e+14,4.44905e+14,1.06379,2.92966,3.31533,0.35098,0.932414,-0.413625,-0.0278399,0.12834,1
2,40,41,1396.6,1428.55,15.375ms,4.82671e+14,4.58537e+14,1.05263,2.82661,3.13198,0.352941,0.906652,-0.336809,0.00113814,0.113441,1
2,40,41,1396.6,1428.55,15.875ms,4.80195e+14,4.55005e+14,1.05536,2.85731,3.18245,0.352941,0.914328,-0.3556,-0.0583931,0.099994,1
2,40,41,1396.6,1428.55,16.375ms,4.78007e+14,4.51532e+14,1.05864,2.87692,3.22419,0.352941,0.91923,-0.377781,-0.0288845,0.124011,1
2,40,41,1396.6,1428.55,16.875ms,4.72965e+14,4.48146e+14,1.05538,2.93071,3.26431,0.352941,0.932677,-0.357688,0.0155601,0.123995,1
2,40,41,1396.6,1428.55,17.375ms,4.71613e+14,4.44895e+14,1.06005,2.94826,3.313,0.333333,0.937064,-0.389239,-0.0458621,0.15592,1
2,40,41,1396.6,1428.55,17.875ms,4.695e+14,4.41592e+14,1.0632,2.97077,3.35813,0.352941,0.942693,-0.410911,-0.0133143,0.112122,1
2,40,41,1396.6,1428.55,18.375ms,4.69803e+14,4.38191e+14,1.07214,2.96726,3.41083,0.352941,0.941814,-0.470975,-0.0459658,0.144429,1
2,40,41,1396.6,1428.55,18.875ms,4.68174e+14,4.34796e+14,1.07677,2.99188,3.46887,0.352941,0.947971,-0.50317,-0.0205727,0.138657,1
2,40,41,1396.6,1428.55,19.375ms,4.66629e+14,4.3145e+14,1.08154,3.0032,3.5129,0.352941,0.950799,-0.536079,-0.0556333,0.143878,1
3,20,21,757.6,789.55,15.000-19.500ms,3.72929e+14,3.19427e+14,1.16749,2.61626,3.56608,0.266667,0.854066,-1.11212,0.00514548,0.0349774,0
3,20,21,757.6,789.55,15.750ms,3.73108e+14,3.17299e+14,1.17589,2.67683,3.70129,0.254902,0.869208,-1.17861,0.0275388,0.0168024,0
3,20,21,757.6,789.55,16.750ms,3.73319e+14,3.18637e+14,1.17161,2.62852,3.6081,0.27451,0.85713,-1.14286,0.0145754,0.0286056,0
3,20,21,757.6,789.55,17.750ms,3.73893e+14,3.20118e+14,1.16799,2.58018,3.51985,0.27451,0.845044,-1.11198,0.00756072,0.00937544,0
3,20,21,757.6,789.55,18.750ms,3.71397e+14,3.21654e+14,1.15465,2.57943,3.43893,0.27451,0.844858,-1.01733,-0.0292073,0.0851097,0
3,29,29,1045.15,1045.15,15.000-19.500ms,4.36394e+14,4.49847e+14,0.970095,1.72192,1.62047,0.333333,0.630481,0.160909,0.0418574,0.0937899,1
3,29,29,1045.15,1045.15,15.750ms,4.31767e+14,4.31184e+14,1.00135,1.76408,1.76886,0.333333,0.64102,-0.00745611,0.0235577,0.0823172,1
3,29,29,1045.15,1045.15,16.750ms,4.36596e+14,4.4233e+14,0.987037,1.7215,1.67715,0.333333,0.630374,0.0703429,0.0610194,0.100281,1
3,29,29,1045.15,1045.15,17.750ms,4.40711e+14,4.54818e+14,0.968984,1.68426,1.5814,0.333333,0.621065,0.165617,0.0347511,0.0987703,1
3,29,29,1045.15,1045.15,18.750ms,4.36501e+14,4.71056e+14,0.926645,1.71867,1.47577,0.333333,0.629668,0.385758,0.0477489,0.093556,1
3,40,41,1396.6,1428.55,15.000-19.500ms,3.75147e+14,5.94696e+14,0.630821,1.0235,0.407286,0.980392,0.455875,1.35172,0.0264409,-0.0329559,0
3,40,41,1396.6,1428.55,15.750ms,3.84292e+14,6.05037e+14,0.635155,1.04047,0.41975,0.980392,0.460118,1.34905,0.0234032,-0.0307975,0
3,40,41,1396.6,1428.55,16.750ms,3.81189e+14,5.99383e+14,0.635969,1.0168,0.41125,1,0.454199,1.33322,0.0170963,-0.0346795,0
3,40,41,1396.6,1428.55,17.750ms,3.76767e+14,5.91597e+14,0.636864,0.992815,0.402681,1,0.448204,1.31666,0.0184175,-0.025077,0
3,40,41,1396.6,1428.55,18.750ms,3.58339e+14,5.82768e+14,0.614891,1.04469,0.394987,0.960784,0.461172,1.4088,0.0484376,-0.0418118,0
4,20,21,757.6,789.55,15.000-19.500ms,2.86611e+14,7.49636e+14,0.382333,1.82056,0.266127,0.32549,0.65514,2.37267,0.0305959,0.0136826,0
4,20,21,757.6,789.55,15.750ms,2.99554e+14,7.76764e+14,0.385643,1.92168,0.285794,0.313725,0.680421,2.40423,0.0167332,0.001461,0
4,20,21,757.6,789.55,16.750ms,2.91667e+14,7.5862e+14,0.384471,1.84249,0.272353,0.333333,0.660622,2.37675,0.0340556,0.0250929,0
4,20,21,757.6,789.55,17.750ms,2.82672e+14,7.41296e+14,0.381321,1.78187,0.259094,0.333333,0.645467,2.35918,0.0400377,0.0195784,0
4,20,21,757.6,789.55,18.750ms,2.7255e+14,7.21862e+14,0.377565,1.72607,0.24606,0.333333,0.631518,2.34358,0.0322885,0.00878434,0
4,29,29,1045.15,1045.15,15.000-19.500ms,1.42246e+14,3.82732e+14,0.37166,1.44723,0.199908,0.807843,0.561807,2.22019,0.175668,-0.0244606,0
4,29,29,1045.15,1045.15,15.750ms,1.52969e+14,4.04518e+14,0.378152,1.51573,0.216747,0.803922,0.578932,2.24375,0.141248,-0.0410811,0
4,29,29,1045.15,1045.15,16.750ms,1.46616e+14,3.89797e+14,0.376134,1.46095,0.20669,0.803922,0.565237,2.21899,0.196574,-0.0410504,0
4,29,29,1045.15,1045.15,17.750ms,1.38457e+14,3.75931e+14,0.368305,1.41856,0.192426,0.823529,0.554641,2.21069,0.153393,-0.0174839,0
4,29,29,1045.15,1045.15,18.750ms,1.30942e+14,3.6068e+14,0.363042,1.38216,0.182168,0.823529,0.54554,2.19964,0.216607,0.00610947,0
4,40,41,1396.6,1428.55,15.000-19.500ms,1.87249e+13,9.66636e+13,0.193712,0.99892,0.0374839,1,0.44973,2.13781,0.37861,-0.344272,0
4,40,41,1396.6,1428.55,15.750ms,2.14496e+13,1.04491e+14,0.205278,1.02562,0.0432188,1,0.456406,2.15248,0.36217,-0.344836,0
4,40,41,1396.6,1428.55,16.750ms,1.98122e+13,9.92332e+13,0.199653,0.998394,0.0397974,1,0.449598,2.13212,0.282658,-0.385981,0
4,40,41,1396.6,1428.55,17.750ms,1.79387e+13,9.41112e+13,0.190611,0.986067,0.0358265,1,0.446517,2.12812,0.430491,-0.296143,0
4,40,41,1396.6,1428.55,18.750ms,1.56992e+13,8.88192e+13,0.176754,0.977784,0.030548,1,0.444446,2.13127,0.457037,-0.346243,0
